{
    "0": {
        "precision": 0.8337874659400545,
        "recall": 0.8861003861003861,
        "f1-score": 0.8591483387927,
        "support": 1036.0
    },
    "1": {
        "precision": 0.6168831168831169,
        "recall": 0.5093833780160858,
        "f1-score": 0.5580029368575624,
        "support": 373.0
    },
    "accuracy": 0.7863733144073811,
    "macro avg": {
        "precision": 0.7253352914115857,
        "recall": 0.697741882058236,
        "f1-score": 0.7085756378251312,
        "support": 1409.0
    },
    "weighted avg": {
        "precision": 0.776367081129382,
        "recall": 0.7863733144073811,
        "f1-score": 0.779427093283966,
        "support": 1409.0
    }
}